{
  "ImGuiCol_FrameBg": [
    0.10196078568696976,
    0.12941177189350128,
    0.3137255012989044,
    1.0
  ],
  "ImGuiCol_Tab": [
    0.07058823853731155,
    0.22745098173618317,
    0.4117647111415863,
    1.0
  ],
  "ImGuiCol_TitleBg": [
    0.09803921729326248,
    0.1568627506494522,
    0.32549020648002625,
    1.0
  ],
  "ImGuiCol_WindowBg": [
    0.0470588244497776,
    0.0784313753247261,
    0.18431372940540314,
    1.0
  ],
  "SatAmount": 33.775001525878906
}