{
  "ImGuiCol_FrameBg": [
    0.10196078568696976,
    0.3137255012989044,
    0.24705882370471954,
    1.0
  ],
  "ImGuiCol_Tab": [
    0.07058823853731155,
    0.4117647111415863,
    0.24313725531101227,
    1.0
  ],
  "ImGuiCol_TitleBg": [
    0.09803921729326248,
    0.32549020648002625,
    0.21960784494876862,
    1.0
  ],
  "ImGuiCol_WindowBg": [
    0.0470588244497776,
    0.18431372940540314,
    0.1411764770746231,
    1.0
  ],
  "SatAmount": 33.775001525878906
}