{
  "ImGuiCol_FrameBg": [
    0.7450980544090271,
    0.7450980544090271,
    0.7450980544090271,
    1.0
  ],
  "ImGuiCol_Tab": [
    0.6078431606292725,
    0.6078431606292725,
    0.6078431606292725,
    1.0
  ],
  "ImGuiCol_TitleBg": [
    0.7529411911964417,
    0.7529411911964417,
    0.7529411911964417,
    1.0
  ],
  "ImGuiCol_WindowBg": [
    0.5921568870544434,
    0.5921568870544434,
    0.5921568870544434,
    1.0
  ],
  "SatAmount": 33.775001525878906
}