{
  "ImGuiCol_FrameBg": [
    0.2666666805744171,
    0.2666666805744171,
    0.2666666805744171,
    1.0
  ],
  "ImGuiCol_Tab": [
    0.2980392277240753,
    0.2980392277240753,
    0.2980392277240753,
    1.0
  ],
  "ImGuiCol_TitleBg": [
    0.09019608050584793,
    0.09019608050584793,
    0.09019608050584793,
    1.0
  ],
  "ImGuiCol_WindowBg": [
    0.05098039284348488,
    0.05098039284348488,
    0.05098039284348488,
    1.0
  ],
  "SatAmount": 0.0
}