{
  "ImGuiCol_FrameBg": [
    0.1568627506494522,
    0.18431372940540314,
    0.2666666805744171,
    1.0
  ],
  "ImGuiCol_Tab": [
    0.35686275362968445,
    0.32156863808631897,
    0.4745098054409027,
    1.0
  ],
  "ImGuiCol_TitleBg": [
    0.2823529541492462,
    0.239215686917305,
    0.45490196347236633,
    1.0
  ],
  "ImGuiCol_WindowBg": [
    0.09803921729326248,
    0.11372549086809158,
    0.19607843458652496,
    1.0
  ],
  "SatAmount": 32.08599853515625
}