{
  "ImGuiCol_FrameBg": [
    0.4588235318660736,
    0.10588235408067703,
    0.10588235408067703,
    1.0
  ],
  "ImGuiCol_Tab": [
    0.5137255191802979,
    0.22745098173618317,
    0.09019608050584793,
    1.0
  ],
  "ImGuiCol_TitleBg": [
    0.33725491166114807,
    0.1921568661928177,
    0.0784313753247261,
    1.0
  ],
  "ImGuiCol_WindowBg": [
    0.32549020648002625,
    0.08235294371843338,
    0.08235294371843338,
    1.0
  ],
  "SatAmount": 33.775001525878906
}